module	gene	display_label	evidence_basis	public_source_id	public_source_url
Mast_identity_granule_storage	KIT	Mast identity / granule content	Mast-cell marker/granule genes; NAKAJIMA_MAST_CELL and mast-cell biology literature	NAKAJIMA_MAST_CELL; mast-cell marker literature	https://www.gsea-msigdb.org/gsea/msigdb/human/geneset/NAKAJIMA_MAST_CELL
Mast_identity_granule_storage	FCER1A	Mast identity / granule content	Mast-cell marker/granule genes; NAKAJIMA_MAST_CELL and mast-cell biology literature	NAKAJIMA_MAST_CELL; mast-cell marker literature	https://www.gsea-msigdb.org/gsea/msigdb/human/geneset/NAKAJIMA_MAST_CELL
Mast_identity_granule_storage	MS4A2	Mast identity / granule content	Mast-cell marker/granule genes; NAKAJIMA_MAST_CELL and mast-cell biology literature	NAKAJIMA_MAST_CELL; mast-cell marker literature	https://www.gsea-msigdb.org/gsea/msigdb/human/geneset/NAKAJIMA_MAST_CELL
Mast_identity_granule_storage	FCER1G	Mast identity / granule content	Mast-cell marker/granule genes; NAKAJIMA_MAST_CELL and mast-cell biology literature	NAKAJIMA_MAST_CELL; mast-cell marker literature	https://www.gsea-msigdb.org/gsea/msigdb/human/geneset/NAKAJIMA_MAST_CELL
Mast_identity_granule_storage	TPSAB1	Mast identity / granule content	Mast-cell marker/granule genes; NAKAJIMA_MAST_CELL and mast-cell biology literature	NAKAJIMA_MAST_CELL; mast-cell marker literature	https://www.gsea-msigdb.org/gsea/msigdb/human/geneset/NAKAJIMA_MAST_CELL
Mast_identity_granule_storage	TPSB2	Mast identity / granule content	Mast-cell marker/granule genes; NAKAJIMA_MAST_CELL and mast-cell biology literature	NAKAJIMA_MAST_CELL; mast-cell marker literature	https://www.gsea-msigdb.org/gsea/msigdb/human/geneset/NAKAJIMA_MAST_CELL
Mast_identity_granule_storage	CPA3	Mast identity / granule content	Mast-cell marker/granule genes; NAKAJIMA_MAST_CELL and mast-cell biology literature	NAKAJIMA_MAST_CELL; mast-cell marker literature	https://www.gsea-msigdb.org/gsea/msigdb/human/geneset/NAKAJIMA_MAST_CELL
Mast_identity_granule_storage	CMA1	Mast identity / granule content	Mast-cell marker/granule genes; NAKAJIMA_MAST_CELL and mast-cell biology literature	NAKAJIMA_MAST_CELL; mast-cell marker literature	https://www.gsea-msigdb.org/gsea/msigdb/human/geneset/NAKAJIMA_MAST_CELL
Mast_identity_granule_storage	HDC	Mast identity / granule content	Mast-cell marker/granule genes; NAKAJIMA_MAST_CELL and mast-cell biology literature	NAKAJIMA_MAST_CELL; mast-cell marker literature	https://www.gsea-msigdb.org/gsea/msigdb/human/geneset/NAKAJIMA_MAST_CELL
Mast_identity_granule_storage	SLC18A2	Mast identity / granule content	Mast-cell marker/granule genes; NAKAJIMA_MAST_CELL and mast-cell biology literature	NAKAJIMA_MAST_CELL; mast-cell marker literature	https://www.gsea-msigdb.org/gsea/msigdb/human/geneset/NAKAJIMA_MAST_CELL
Mast_identity_granule_storage	SRGN	Mast identity / granule content	Mast-cell marker/granule genes; NAKAJIMA_MAST_CELL and mast-cell biology literature	NAKAJIMA_MAST_CELL; mast-cell marker literature	https://www.gsea-msigdb.org/gsea/msigdb/human/geneset/NAKAJIMA_MAST_CELL
Mast_identity_granule_storage	HPGDS	Mast identity / granule content	Mast-cell marker/granule genes; NAKAJIMA_MAST_CELL and mast-cell biology literature	NAKAJIMA_MAST_CELL; mast-cell marker literature	https://www.gsea-msigdb.org/gsea/msigdb/human/geneset/NAKAJIMA_MAST_CELL
Mast_identity_granule_storage	RGS13	Mast identity / granule content	Mast-cell marker/granule genes; NAKAJIMA_MAST_CELL and mast-cell biology literature	NAKAJIMA_MAST_CELL; mast-cell marker literature	https://www.gsea-msigdb.org/gsea/msigdb/human/geneset/NAKAJIMA_MAST_CELL
Mast_identity_granule_storage	SIGLEC6	Mast identity / granule content	Mast-cell marker/granule genes; NAKAJIMA_MAST_CELL and mast-cell biology literature	NAKAJIMA_MAST_CELL; mast-cell marker literature	https://www.gsea-msigdb.org/gsea/msigdb/human/geneset/NAKAJIMA_MAST_CELL
Mast_identity_granule_storage	TPSD1	Mast identity / granule content	Mast-cell marker/granule genes; NAKAJIMA_MAST_CELL and mast-cell biology literature	NAKAJIMA_MAST_CELL; mast-cell marker literature	https://www.gsea-msigdb.org/gsea/msigdb/human/geneset/NAKAJIMA_MAST_CELL
Mast_identity_granule_storage	TESPA1	Mast identity / granule content	Mast-cell marker/granule genes; NAKAJIMA_MAST_CELL and mast-cell biology literature	NAKAJIMA_MAST_CELL; mast-cell marker literature	https://www.gsea-msigdb.org/gsea/msigdb/human/geneset/NAKAJIMA_MAST_CELL
FcERI_proximal_signaling	FCER1A	FcεRI proximal signaling	KEGG Fc epsilon RI signaling; Reactome Fc epsilon receptor signaling	KEGG hsa04664; Reactome R-HSA-2454202	https://www.kegg.jp/entry/hsa04664;https://reactome.org/content/detail/R-HSA-2454202
FcERI_proximal_signaling	MS4A2	FcεRI proximal signaling	KEGG Fc epsilon RI signaling; Reactome Fc epsilon receptor signaling	KEGG hsa04664; Reactome R-HSA-2454202	https://www.kegg.jp/entry/hsa04664;https://reactome.org/content/detail/R-HSA-2454202
FcERI_proximal_signaling	FCER1G	FcεRI proximal signaling	KEGG Fc epsilon RI signaling; Reactome Fc epsilon receptor signaling	KEGG hsa04664; Reactome R-HSA-2454202	https://www.kegg.jp/entry/hsa04664;https://reactome.org/content/detail/R-HSA-2454202
FcERI_proximal_signaling	LYN	FcεRI proximal signaling	KEGG Fc epsilon RI signaling; Reactome Fc epsilon receptor signaling	KEGG hsa04664; Reactome R-HSA-2454202	https://www.kegg.jp/entry/hsa04664;https://reactome.org/content/detail/R-HSA-2454202
FcERI_proximal_signaling	SYK	FcεRI proximal signaling	KEGG Fc epsilon RI signaling; Reactome Fc epsilon receptor signaling	KEGG hsa04664; Reactome R-HSA-2454202	https://www.kegg.jp/entry/hsa04664;https://reactome.org/content/detail/R-HSA-2454202
FcERI_proximal_signaling	LAT	FcεRI proximal signaling	KEGG Fc epsilon RI signaling; Reactome Fc epsilon receptor signaling	KEGG hsa04664; Reactome R-HSA-2454202	https://www.kegg.jp/entry/hsa04664;https://reactome.org/content/detail/R-HSA-2454202
FcERI_proximal_signaling	LAT2	FcεRI proximal signaling	KEGG Fc epsilon RI signaling; Reactome Fc epsilon receptor signaling	KEGG hsa04664; Reactome R-HSA-2454202	https://www.kegg.jp/entry/hsa04664;https://reactome.org/content/detail/R-HSA-2454202
FcERI_proximal_signaling	BTK	FcεRI proximal signaling	KEGG Fc epsilon RI signaling; Reactome Fc epsilon receptor signaling	KEGG hsa04664; Reactome R-HSA-2454202	https://www.kegg.jp/entry/hsa04664;https://reactome.org/content/detail/R-HSA-2454202
FcERI_proximal_signaling	GAB2	FcεRI proximal signaling	KEGG Fc epsilon RI signaling; Reactome Fc epsilon receptor signaling	KEGG hsa04664; Reactome R-HSA-2454202	https://www.kegg.jp/entry/hsa04664;https://reactome.org/content/detail/R-HSA-2454202
FcERI_proximal_signaling	VAV1	FcεRI proximal signaling	KEGG Fc epsilon RI signaling; Reactome Fc epsilon receptor signaling	KEGG hsa04664; Reactome R-HSA-2454202	https://www.kegg.jp/entry/hsa04664;https://reactome.org/content/detail/R-HSA-2454202
FcERI_proximal_signaling	LCP2	FcεRI proximal signaling	KEGG Fc epsilon RI signaling; Reactome Fc epsilon receptor signaling	KEGG hsa04664; Reactome R-HSA-2454202	https://www.kegg.jp/entry/hsa04664;https://reactome.org/content/detail/R-HSA-2454202
FcERI_proximal_signaling	PLCG1	FcεRI proximal signaling	KEGG Fc epsilon RI signaling; Reactome Fc epsilon receptor signaling	KEGG hsa04664; Reactome R-HSA-2454202	https://www.kegg.jp/entry/hsa04664;https://reactome.org/content/detail/R-HSA-2454202
FcERI_proximal_signaling	PLCG2	FcεRI proximal signaling	KEGG Fc epsilon RI signaling; Reactome Fc epsilon receptor signaling	KEGG hsa04664; Reactome R-HSA-2454202	https://www.kegg.jp/entry/hsa04664;https://reactome.org/content/detail/R-HSA-2454202
FcERI_proximal_signaling	FYN	FcεRI proximal signaling	KEGG Fc epsilon RI signaling; Reactome Fc epsilon receptor signaling	KEGG hsa04664; Reactome R-HSA-2454202	https://www.kegg.jp/entry/hsa04664;https://reactome.org/content/detail/R-HSA-2454202
FcERI_proximal_signaling	INPP5D	FcεRI proximal signaling	KEGG Fc epsilon RI signaling; Reactome Fc epsilon receptor signaling	KEGG hsa04664; Reactome R-HSA-2454202	https://www.kegg.jp/entry/hsa04664;https://reactome.org/content/detail/R-HSA-2454202
FcERI_Ca2_NFAT	PLCG1	FcεRI-associated Ca²+/NFAT	KEGG/Reactome Fc epsilon RI downstream calcium-calcineurin-NFAT branch	KEGG hsa04664; Reactome R-HSA-2454202	https://www.kegg.jp/entry/hsa04664;https://reactome.org/content/detail/R-HSA-2454202
FcERI_Ca2_NFAT	PLCG2	FcεRI-associated Ca²+/NFAT	KEGG/Reactome Fc epsilon RI downstream calcium-calcineurin-NFAT branch	KEGG hsa04664; Reactome R-HSA-2454202	https://www.kegg.jp/entry/hsa04664;https://reactome.org/content/detail/R-HSA-2454202
FcERI_Ca2_NFAT	ITPR1	FcεRI-associated Ca²+/NFAT	KEGG/Reactome Fc epsilon RI downstream calcium-calcineurin-NFAT branch	KEGG hsa04664; Reactome R-HSA-2454202	https://www.kegg.jp/entry/hsa04664;https://reactome.org/content/detail/R-HSA-2454202
FcERI_Ca2_NFAT	ITPR2	FcεRI-associated Ca²+/NFAT	KEGG/Reactome Fc epsilon RI downstream calcium-calcineurin-NFAT branch	KEGG hsa04664; Reactome R-HSA-2454202	https://www.kegg.jp/entry/hsa04664;https://reactome.org/content/detail/R-HSA-2454202
FcERI_Ca2_NFAT	ITPR3	FcεRI-associated Ca²+/NFAT	KEGG/Reactome Fc epsilon RI downstream calcium-calcineurin-NFAT branch	KEGG hsa04664; Reactome R-HSA-2454202	https://www.kegg.jp/entry/hsa04664;https://reactome.org/content/detail/R-HSA-2454202
FcERI_Ca2_NFAT	CALM1	FcεRI-associated Ca²+/NFAT	KEGG/Reactome Fc epsilon RI downstream calcium-calcineurin-NFAT branch	KEGG hsa04664; Reactome R-HSA-2454202	https://www.kegg.jp/entry/hsa04664;https://reactome.org/content/detail/R-HSA-2454202
FcERI_Ca2_NFAT	PPP3CA	FcεRI-associated Ca²+/NFAT	KEGG/Reactome Fc epsilon RI downstream calcium-calcineurin-NFAT branch	KEGG hsa04664; Reactome R-HSA-2454202	https://www.kegg.jp/entry/hsa04664;https://reactome.org/content/detail/R-HSA-2454202
FcERI_Ca2_NFAT	PPP3CB	FcεRI-associated Ca²+/NFAT	KEGG/Reactome Fc epsilon RI downstream calcium-calcineurin-NFAT branch	KEGG hsa04664; Reactome R-HSA-2454202	https://www.kegg.jp/entry/hsa04664;https://reactome.org/content/detail/R-HSA-2454202
FcERI_Ca2_NFAT	PPP3R1	FcεRI-associated Ca²+/NFAT	KEGG/Reactome Fc epsilon RI downstream calcium-calcineurin-NFAT branch	KEGG hsa04664; Reactome R-HSA-2454202	https://www.kegg.jp/entry/hsa04664;https://reactome.org/content/detail/R-HSA-2454202
FcERI_Ca2_NFAT	NFATC1	FcεRI-associated Ca²+/NFAT	KEGG/Reactome Fc epsilon RI downstream calcium-calcineurin-NFAT branch	KEGG hsa04664; Reactome R-HSA-2454202	https://www.kegg.jp/entry/hsa04664;https://reactome.org/content/detail/R-HSA-2454202
FcERI_Ca2_NFAT	NFATC2	FcεRI-associated Ca²+/NFAT	KEGG/Reactome Fc epsilon RI downstream calcium-calcineurin-NFAT branch	KEGG hsa04664; Reactome R-HSA-2454202	https://www.kegg.jp/entry/hsa04664;https://reactome.org/content/detail/R-HSA-2454202
FcERI_Ca2_NFAT	NFATC3	FcεRI-associated Ca²+/NFAT	KEGG/Reactome Fc epsilon RI downstream calcium-calcineurin-NFAT branch	KEGG hsa04664; Reactome R-HSA-2454202	https://www.kegg.jp/entry/hsa04664;https://reactome.org/content/detail/R-HSA-2454202
FcERI_Ca2_NFAT	BTK	FcεRI-associated Ca²+/NFAT	KEGG/Reactome Fc epsilon RI downstream calcium-calcineurin-NFAT branch	KEGG hsa04664; Reactome R-HSA-2454202	https://www.kegg.jp/entry/hsa04664;https://reactome.org/content/detail/R-HSA-2454202
FcERI_Ca2_NFAT	LAT	FcεRI-associated Ca²+/NFAT	KEGG/Reactome Fc epsilon RI downstream calcium-calcineurin-NFAT branch	KEGG hsa04664; Reactome R-HSA-2454202	https://www.kegg.jp/entry/hsa04664;https://reactome.org/content/detail/R-HSA-2454202
FcERI_Ca2_NFAT	LCP2	FcεRI-associated Ca²+/NFAT	KEGG/Reactome Fc epsilon RI downstream calcium-calcineurin-NFAT branch	KEGG hsa04664; Reactome R-HSA-2454202	https://www.kegg.jp/entry/hsa04664;https://reactome.org/content/detail/R-HSA-2454202
FcERI_MAPK_AP1	LYN	FcεRI-associated MAPK/AP-1	KEGG/Reactome Fc epsilon RI downstream MAPK-AP-1 branch	KEGG hsa04664; Reactome R-HSA-2454202	https://www.kegg.jp/entry/hsa04664;https://reactome.org/content/detail/R-HSA-2454202
FcERI_MAPK_AP1	SYK	FcεRI-associated MAPK/AP-1	KEGG/Reactome Fc epsilon RI downstream MAPK-AP-1 branch	KEGG hsa04664; Reactome R-HSA-2454202	https://www.kegg.jp/entry/hsa04664;https://reactome.org/content/detail/R-HSA-2454202
FcERI_MAPK_AP1	LAT	FcεRI-associated MAPK/AP-1	KEGG/Reactome Fc epsilon RI downstream MAPK-AP-1 branch	KEGG hsa04664; Reactome R-HSA-2454202	https://www.kegg.jp/entry/hsa04664;https://reactome.org/content/detail/R-HSA-2454202
FcERI_MAPK_AP1	LAT2	FcεRI-associated MAPK/AP-1	KEGG/Reactome Fc epsilon RI downstream MAPK-AP-1 branch	KEGG hsa04664; Reactome R-HSA-2454202	https://www.kegg.jp/entry/hsa04664;https://reactome.org/content/detail/R-HSA-2454202
FcERI_MAPK_AP1	VAV1	FcεRI-associated MAPK/AP-1	KEGG/Reactome Fc epsilon RI downstream MAPK-AP-1 branch	KEGG hsa04664; Reactome R-HSA-2454202	https://www.kegg.jp/entry/hsa04664;https://reactome.org/content/detail/R-HSA-2454202
FcERI_MAPK_AP1	GRB2	FcεRI-associated MAPK/AP-1	KEGG/Reactome Fc epsilon RI downstream MAPK-AP-1 branch	KEGG hsa04664; Reactome R-HSA-2454202	https://www.kegg.jp/entry/hsa04664;https://reactome.org/content/detail/R-HSA-2454202
FcERI_MAPK_AP1	SOS1	FcεRI-associated MAPK/AP-1	KEGG/Reactome Fc epsilon RI downstream MAPK-AP-1 branch	KEGG hsa04664; Reactome R-HSA-2454202	https://www.kegg.jp/entry/hsa04664;https://reactome.org/content/detail/R-HSA-2454202
FcERI_MAPK_AP1	KRAS	FcεRI-associated MAPK/AP-1	KEGG/Reactome Fc epsilon RI downstream MAPK-AP-1 branch	KEGG hsa04664; Reactome R-HSA-2454202	https://www.kegg.jp/entry/hsa04664;https://reactome.org/content/detail/R-HSA-2454202
FcERI_MAPK_AP1	NRAS	FcεRI-associated MAPK/AP-1	KEGG/Reactome Fc epsilon RI downstream MAPK-AP-1 branch	KEGG hsa04664; Reactome R-HSA-2454202	https://www.kegg.jp/entry/hsa04664;https://reactome.org/content/detail/R-HSA-2454202
FcERI_MAPK_AP1	RAC1	FcεRI-associated MAPK/AP-1	KEGG/Reactome Fc epsilon RI downstream MAPK-AP-1 branch	KEGG hsa04664; Reactome R-HSA-2454202	https://www.kegg.jp/entry/hsa04664;https://reactome.org/content/detail/R-HSA-2454202
FcERI_MAPK_AP1	PAK1	FcεRI-associated MAPK/AP-1	KEGG/Reactome Fc epsilon RI downstream MAPK-AP-1 branch	KEGG hsa04664; Reactome R-HSA-2454202	https://www.kegg.jp/entry/hsa04664;https://reactome.org/content/detail/R-HSA-2454202
FcERI_MAPK_AP1	MAP3K1	FcεRI-associated MAPK/AP-1	KEGG/Reactome Fc epsilon RI downstream MAPK-AP-1 branch	KEGG hsa04664; Reactome R-HSA-2454202	https://www.kegg.jp/entry/hsa04664;https://reactome.org/content/detail/R-HSA-2454202
FcERI_MAPK_AP1	MAP2K4	FcεRI-associated MAPK/AP-1	KEGG/Reactome Fc epsilon RI downstream MAPK-AP-1 branch	KEGG hsa04664; Reactome R-HSA-2454202	https://www.kegg.jp/entry/hsa04664;https://reactome.org/content/detail/R-HSA-2454202
FcERI_MAPK_AP1	MAP2K7	FcεRI-associated MAPK/AP-1	KEGG/Reactome Fc epsilon RI downstream MAPK-AP-1 branch	KEGG hsa04664; Reactome R-HSA-2454202	https://www.kegg.jp/entry/hsa04664;https://reactome.org/content/detail/R-HSA-2454202
FcERI_MAPK_AP1	MAPK1	FcεRI-associated MAPK/AP-1	KEGG/Reactome Fc epsilon RI downstream MAPK-AP-1 branch	KEGG hsa04664; Reactome R-HSA-2454202	https://www.kegg.jp/entry/hsa04664;https://reactome.org/content/detail/R-HSA-2454202
FcERI_MAPK_AP1	MAPK3	FcεRI-associated MAPK/AP-1	KEGG/Reactome Fc epsilon RI downstream MAPK-AP-1 branch	KEGG hsa04664; Reactome R-HSA-2454202	https://www.kegg.jp/entry/hsa04664;https://reactome.org/content/detail/R-HSA-2454202
FcERI_MAPK_AP1	MAPK8	FcεRI-associated MAPK/AP-1	KEGG/Reactome Fc epsilon RI downstream MAPK-AP-1 branch	KEGG hsa04664; Reactome R-HSA-2454202	https://www.kegg.jp/entry/hsa04664;https://reactome.org/content/detail/R-HSA-2454202
FcERI_MAPK_AP1	MAPK9	FcεRI-associated MAPK/AP-1	KEGG/Reactome Fc epsilon RI downstream MAPK-AP-1 branch	KEGG hsa04664; Reactome R-HSA-2454202	https://www.kegg.jp/entry/hsa04664;https://reactome.org/content/detail/R-HSA-2454202
FcERI_MAPK_AP1	JUN	FcεRI-associated MAPK/AP-1	KEGG/Reactome Fc epsilon RI downstream MAPK-AP-1 branch	KEGG hsa04664; Reactome R-HSA-2454202	https://www.kegg.jp/entry/hsa04664;https://reactome.org/content/detail/R-HSA-2454202
FcERI_MAPK_AP1	FOS	FcεRI-associated MAPK/AP-1	KEGG/Reactome Fc epsilon RI downstream MAPK-AP-1 branch	KEGG hsa04664; Reactome R-HSA-2454202	https://www.kegg.jp/entry/hsa04664;https://reactome.org/content/detail/R-HSA-2454202
FcERI_NFkB	LYN	FcεRI-associated NF-κB	Reactome Fc epsilon RI downstream NF-kappaB branch	Reactome R-HSA-2871837	https://reactome.org/content/detail/R-HSA-2871837
FcERI_NFkB	BCL10	FcεRI-associated NF-κB	Reactome Fc epsilon RI downstream NF-kappaB branch	Reactome R-HSA-2871837	https://reactome.org/content/detail/R-HSA-2871837
FcERI_NFkB	CARD11	FcεRI-associated NF-κB	Reactome Fc epsilon RI downstream NF-kappaB branch	Reactome R-HSA-2871837	https://reactome.org/content/detail/R-HSA-2871837
FcERI_NFkB	MALT1	FcεRI-associated NF-κB	Reactome Fc epsilon RI downstream NF-kappaB branch	Reactome R-HSA-2871837	https://reactome.org/content/detail/R-HSA-2871837
FcERI_NFkB	TRAF6	FcεRI-associated NF-κB	Reactome Fc epsilon RI downstream NF-kappaB branch	Reactome R-HSA-2871837	https://reactome.org/content/detail/R-HSA-2871837
FcERI_NFkB	MAP3K7	FcεRI-associated NF-κB	Reactome Fc epsilon RI downstream NF-kappaB branch	Reactome R-HSA-2871837	https://reactome.org/content/detail/R-HSA-2871837
FcERI_NFkB	CHUK	FcεRI-associated NF-κB	Reactome Fc epsilon RI downstream NF-kappaB branch	Reactome R-HSA-2871837	https://reactome.org/content/detail/R-HSA-2871837
FcERI_NFkB	IKBKB	FcεRI-associated NF-κB	Reactome Fc epsilon RI downstream NF-kappaB branch	Reactome R-HSA-2871837	https://reactome.org/content/detail/R-HSA-2871837
FcERI_NFkB	IKBKG	FcεRI-associated NF-κB	Reactome Fc epsilon RI downstream NF-kappaB branch	Reactome R-HSA-2871837	https://reactome.org/content/detail/R-HSA-2871837
FcERI_NFkB	NFKB1	FcεRI-associated NF-κB	Reactome Fc epsilon RI downstream NF-kappaB branch	Reactome R-HSA-2871837	https://reactome.org/content/detail/R-HSA-2871837
FcERI_NFkB	RELA	FcεRI-associated NF-κB	Reactome Fc epsilon RI downstream NF-kappaB branch	Reactome R-HSA-2871837	https://reactome.org/content/detail/R-HSA-2871837
FcERI_NFkB	NFKBIA	FcεRI-associated NF-κB	Reactome Fc epsilon RI downstream NF-kappaB branch	Reactome R-HSA-2871837	https://reactome.org/content/detail/R-HSA-2871837
FcERI_NFkB	RASGRP4	FcεRI-associated NF-κB	Reactome Fc epsilon RI downstream NF-kappaB branch	Reactome R-HSA-2871837	https://reactome.org/content/detail/R-HSA-2871837
FcERI_NFkB	PDPK1	FcεRI-associated NF-κB	Reactome Fc epsilon RI downstream NF-kappaB branch	Reactome R-HSA-2871837	https://reactome.org/content/detail/R-HSA-2871837
FcERI_NFkB	PRKCD	FcεRI-associated NF-κB	Reactome Fc epsilon RI downstream NF-kappaB branch	Reactome R-HSA-2871837	https://reactome.org/content/detail/R-HSA-2871837
Degranulation_exocytosis	SYK	Degranulation / exocytosis	GO mast cell degranulation; regulated exocytosis literature	GO:0043303; Reactome R-HSA-2454202	https://amigo.geneontology.org/amigo/term/GO:0043303;https://reactome.org/content/detail/R-HSA-2454202
Degranulation_exocytosis	LAT	Degranulation / exocytosis	GO mast cell degranulation; regulated exocytosis literature	GO:0043303; Reactome R-HSA-2454202	https://amigo.geneontology.org/amigo/term/GO:0043303;https://reactome.org/content/detail/R-HSA-2454202
Degranulation_exocytosis	LAT2	Degranulation / exocytosis	GO mast cell degranulation; regulated exocytosis literature	GO:0043303; Reactome R-HSA-2454202	https://amigo.geneontology.org/amigo/term/GO:0043303;https://reactome.org/content/detail/R-HSA-2454202
Degranulation_exocytosis	PLCG2	Degranulation / exocytosis	GO mast cell degranulation; regulated exocytosis literature	GO:0043303; Reactome R-HSA-2454202	https://amigo.geneontology.org/amigo/term/GO:0043303;https://reactome.org/content/detail/R-HSA-2454202
Degranulation_exocytosis	PIK3CD	Degranulation / exocytosis	GO mast cell degranulation; regulated exocytosis literature	GO:0043303; Reactome R-HSA-2454202	https://amigo.geneontology.org/amigo/term/GO:0043303;https://reactome.org/content/detail/R-HSA-2454202
Degranulation_exocytosis	RAB27A	Degranulation / exocytosis	GO mast cell degranulation; regulated exocytosis literature	GO:0043303; Reactome R-HSA-2454202	https://amigo.geneontology.org/amigo/term/GO:0043303;https://reactome.org/content/detail/R-HSA-2454202
Degranulation_exocytosis	RAB27B	Degranulation / exocytosis	GO mast cell degranulation; regulated exocytosis literature	GO:0043303; Reactome R-HSA-2454202	https://amigo.geneontology.org/amigo/term/GO:0043303;https://reactome.org/content/detail/R-HSA-2454202
Degranulation_exocytosis	RAB44	Degranulation / exocytosis	GO mast cell degranulation; regulated exocytosis literature	GO:0043303; Reactome R-HSA-2454202	https://amigo.geneontology.org/amigo/term/GO:0043303;https://reactome.org/content/detail/R-HSA-2454202
Degranulation_exocytosis	UNC13D	Degranulation / exocytosis	GO mast cell degranulation; regulated exocytosis literature	GO:0043303; Reactome R-HSA-2454202	https://amigo.geneontology.org/amigo/term/GO:0043303;https://reactome.org/content/detail/R-HSA-2454202
Degranulation_exocytosis	STXBP2	Degranulation / exocytosis	GO mast cell degranulation; regulated exocytosis literature	GO:0043303; Reactome R-HSA-2454202	https://amigo.geneontology.org/amigo/term/GO:0043303;https://reactome.org/content/detail/R-HSA-2454202
Degranulation_exocytosis	SNAP23	Degranulation / exocytosis	GO mast cell degranulation; regulated exocytosis literature	GO:0043303; Reactome R-HSA-2454202	https://amigo.geneontology.org/amigo/term/GO:0043303;https://reactome.org/content/detail/R-HSA-2454202
Degranulation_exocytosis	VAMP7	Degranulation / exocytosis	GO mast cell degranulation; regulated exocytosis literature	GO:0043303; Reactome R-HSA-2454202	https://amigo.geneontology.org/amigo/term/GO:0043303;https://reactome.org/content/detail/R-HSA-2454202
Degranulation_exocytosis	VAMP8	Degranulation / exocytosis	GO mast cell degranulation; regulated exocytosis literature	GO:0043303; Reactome R-HSA-2454202	https://amigo.geneontology.org/amigo/term/GO:0043303;https://reactome.org/content/detail/R-HSA-2454202
Degranulation_exocytosis	CD63	Degranulation / exocytosis	GO mast cell degranulation; regulated exocytosis literature	GO:0043303; Reactome R-HSA-2454202	https://amigo.geneontology.org/amigo/term/GO:0043303;https://reactome.org/content/detail/R-HSA-2454202
Degranulation_exocytosis	LAMP1	Degranulation / exocytosis	GO mast cell degranulation; regulated exocytosis literature	GO:0043303; Reactome R-HSA-2454202	https://amigo.geneontology.org/amigo/term/GO:0043303;https://reactome.org/content/detail/R-HSA-2454202
Degranulation_exocytosis	CPLX2	Degranulation / exocytosis	GO mast cell degranulation; regulated exocytosis literature	GO:0043303; Reactome R-HSA-2454202	https://amigo.geneontology.org/amigo/term/GO:0043303;https://reactome.org/content/detail/R-HSA-2454202
Degranulation_exocytosis	RABGEF1	Degranulation / exocytosis	GO mast cell degranulation; regulated exocytosis literature	GO:0043303; Reactome R-HSA-2454202	https://amigo.geneontology.org/amigo/term/GO:0043303;https://reactome.org/content/detail/R-HSA-2454202
SCF_KIT_survival	KIT	SCF–KIT signaling / survival	Reactome signaling by SCF-KIT; receptor-side genes only	Reactome R-HSA-1433557	https://reactome.org/content/detail/R-HSA-1433557
SCF_KIT_survival	FYN	SCF–KIT signaling / survival	Reactome signaling by SCF-KIT; receptor-side genes only	Reactome R-HSA-1433557	https://reactome.org/content/detail/R-HSA-1433557
SCF_KIT_survival	LYN	SCF–KIT signaling / survival	Reactome signaling by SCF-KIT; receptor-side genes only	Reactome R-HSA-1433557	https://reactome.org/content/detail/R-HSA-1433557
SCF_KIT_survival	GAB2	SCF–KIT signaling / survival	Reactome signaling by SCF-KIT; receptor-side genes only	Reactome R-HSA-1433557	https://reactome.org/content/detail/R-HSA-1433557
SCF_KIT_survival	GRB2	SCF–KIT signaling / survival	Reactome signaling by SCF-KIT; receptor-side genes only	Reactome R-HSA-1433557	https://reactome.org/content/detail/R-HSA-1433557
SCF_KIT_survival	PIK3CA	SCF–KIT signaling / survival	Reactome signaling by SCF-KIT; receptor-side genes only	Reactome R-HSA-1433557	https://reactome.org/content/detail/R-HSA-1433557
SCF_KIT_survival	PIK3R1	SCF–KIT signaling / survival	Reactome signaling by SCF-KIT; receptor-side genes only	Reactome R-HSA-1433557	https://reactome.org/content/detail/R-HSA-1433557
SCF_KIT_survival	AKT1	SCF–KIT signaling / survival	Reactome signaling by SCF-KIT; receptor-side genes only	Reactome R-HSA-1433557	https://reactome.org/content/detail/R-HSA-1433557
SCF_KIT_survival	JAK2	SCF–KIT signaling / survival	Reactome signaling by SCF-KIT; receptor-side genes only	Reactome R-HSA-1433557	https://reactome.org/content/detail/R-HSA-1433557
SCF_KIT_survival	STAT5A	SCF–KIT signaling / survival	Reactome signaling by SCF-KIT; receptor-side genes only	Reactome R-HSA-1433557	https://reactome.org/content/detail/R-HSA-1433557
SCF_KIT_survival	STAT5B	SCF–KIT signaling / survival	Reactome signaling by SCF-KIT; receptor-side genes only	Reactome R-HSA-1433557	https://reactome.org/content/detail/R-HSA-1433557
SCF_KIT_survival	SOS1	SCF–KIT signaling / survival	Reactome signaling by SCF-KIT; receptor-side genes only	Reactome R-HSA-1433557	https://reactome.org/content/detail/R-HSA-1433557
SCF_KIT_survival	KRAS	SCF–KIT signaling / survival	Reactome signaling by SCF-KIT; receptor-side genes only	Reactome R-HSA-1433557	https://reactome.org/content/detail/R-HSA-1433557
SCF_KIT_survival	NRAS	SCF–KIT signaling / survival	Reactome signaling by SCF-KIT; receptor-side genes only	Reactome R-HSA-1433557	https://reactome.org/content/detail/R-HSA-1433557
SCF_KIT_survival	MAPK1	SCF–KIT signaling / survival	Reactome signaling by SCF-KIT; receptor-side genes only	Reactome R-HSA-1433557	https://reactome.org/content/detail/R-HSA-1433557
SCF_KIT_survival	MAPK3	SCF–KIT signaling / survival	Reactome signaling by SCF-KIT; receptor-side genes only	Reactome R-HSA-1433557	https://reactome.org/content/detail/R-HSA-1433557
SCF_KIT_survival	VAV1	SCF–KIT signaling / survival	Reactome signaling by SCF-KIT; receptor-side genes only	Reactome R-HSA-1433557	https://reactome.org/content/detail/R-HSA-1433557
SCF_KIT_survival	RAC1	SCF–KIT signaling / survival	Reactome signaling by SCF-KIT; receptor-side genes only	Reactome R-HSA-1433557	https://reactome.org/content/detail/R-HSA-1433557
SCF_KIT_survival	PTPN11	SCF–KIT signaling / survival	Reactome signaling by SCF-KIT; receptor-side genes only	Reactome R-HSA-1433557	https://reactome.org/content/detail/R-HSA-1433557
Arachidonate_lipid_mediator	PLA2G4A	Lipid-mediator metabolism	KEGG arachidonic acid metabolism; mast-cell lipid mediator literature	KEGG hsa00590; KEGG hsa04664	https://www.kegg.jp/entry/hsa00590;https://www.kegg.jp/entry/hsa04664
Arachidonate_lipid_mediator	ALOX5	Lipid-mediator metabolism	KEGG arachidonic acid metabolism; mast-cell lipid mediator literature	KEGG hsa00590; KEGG hsa04664	https://www.kegg.jp/entry/hsa00590;https://www.kegg.jp/entry/hsa04664
Arachidonate_lipid_mediator	ALOX5AP	Lipid-mediator metabolism	KEGG arachidonic acid metabolism; mast-cell lipid mediator literature	KEGG hsa00590; KEGG hsa04664	https://www.kegg.jp/entry/hsa00590;https://www.kegg.jp/entry/hsa04664
Arachidonate_lipid_mediator	LTC4S	Lipid-mediator metabolism	KEGG arachidonic acid metabolism; mast-cell lipid mediator literature	KEGG hsa00590; KEGG hsa04664	https://www.kegg.jp/entry/hsa00590;https://www.kegg.jp/entry/hsa04664
Arachidonate_lipid_mediator	LTA4H	Lipid-mediator metabolism	KEGG arachidonic acid metabolism; mast-cell lipid mediator literature	KEGG hsa00590; KEGG hsa04664	https://www.kegg.jp/entry/hsa00590;https://www.kegg.jp/entry/hsa04664
Arachidonate_lipid_mediator	HPGDS	Lipid-mediator metabolism	KEGG arachidonic acid metabolism; mast-cell lipid mediator literature	KEGG hsa00590; KEGG hsa04664	https://www.kegg.jp/entry/hsa00590;https://www.kegg.jp/entry/hsa04664
Arachidonate_lipid_mediator	HPGD	Lipid-mediator metabolism	KEGG arachidonic acid metabolism; mast-cell lipid mediator literature	KEGG hsa00590; KEGG hsa04664	https://www.kegg.jp/entry/hsa00590;https://www.kegg.jp/entry/hsa04664
Arachidonate_lipid_mediator	PTGS1	Lipid-mediator metabolism	KEGG arachidonic acid metabolism; mast-cell lipid mediator literature	KEGG hsa00590; KEGG hsa04664	https://www.kegg.jp/entry/hsa00590;https://www.kegg.jp/entry/hsa04664
Arachidonate_lipid_mediator	PTGS2	Lipid-mediator metabolism	KEGG arachidonic acid metabolism; mast-cell lipid mediator literature	KEGG hsa00590; KEGG hsa04664	https://www.kegg.jp/entry/hsa00590;https://www.kegg.jp/entry/hsa04664
Arachidonate_lipid_mediator	PTGES	Lipid-mediator metabolism	KEGG arachidonic acid metabolism; mast-cell lipid mediator literature	KEGG hsa00590; KEGG hsa04664	https://www.kegg.jp/entry/hsa00590;https://www.kegg.jp/entry/hsa04664
Arachidonate_lipid_mediator	PTGES2	Lipid-mediator metabolism	KEGG arachidonic acid metabolism; mast-cell lipid mediator literature	KEGG hsa00590; KEGG hsa04664	https://www.kegg.jp/entry/hsa00590;https://www.kegg.jp/entry/hsa04664
Arachidonate_lipid_mediator	PTGES3	Lipid-mediator metabolism	KEGG arachidonic acid metabolism; mast-cell lipid mediator literature	KEGG hsa00590; KEGG hsa04664	https://www.kegg.jp/entry/hsa00590;https://www.kegg.jp/entry/hsa04664
Arachidonate_lipid_mediator	ABCC1	Lipid-mediator metabolism	KEGG arachidonic acid metabolism; mast-cell lipid mediator literature	KEGG hsa00590; KEGG hsa04664	https://www.kegg.jp/entry/hsa00590;https://www.kegg.jp/entry/hsa04664
Arachidonate_lipid_mediator	MAPKAPK2	Lipid-mediator metabolism	KEGG arachidonic acid metabolism; mast-cell lipid mediator literature	KEGG hsa00590; KEGG hsa04664	https://www.kegg.jp/entry/hsa00590;https://www.kegg.jp/entry/hsa04664
Arachidonate_lipid_mediator	PTGDS	Lipid-mediator metabolism	KEGG arachidonic acid metabolism; mast-cell lipid mediator literature	KEGG hsa00590; KEGG hsa04664	https://www.kegg.jp/entry/hsa00590;https://www.kegg.jp/entry/hsa04664
Histamine_synthesis_storage	HDC	Histamine synthesis / storage	Histamine biosynthesis and granule storage literature	GO:0001694; GO:0043303	https://amigo.geneontology.org/amigo/term/GO:0001694;https://amigo.geneontology.org/amigo/term/GO:0043303
Histamine_synthesis_storage	SLC18A2	Histamine synthesis / storage	Histamine biosynthesis and granule storage literature	GO:0001694; GO:0043303	https://amigo.geneontology.org/amigo/term/GO:0001694;https://amigo.geneontology.org/amigo/term/GO:0043303
Histamine_synthesis_storage	SRGN	Histamine synthesis / storage	Histamine biosynthesis and granule storage literature	GO:0001694; GO:0043303	https://amigo.geneontology.org/amigo/term/GO:0001694;https://amigo.geneontology.org/amigo/term/GO:0043303
IL33_ST2_response	IL1RL1	IL-33/ST2 response competence	Reactome/KEGG IL-33-ST2 receptor-side signaling	IL-33-ST2 signaling literature	https://pmc.ncbi.nlm.nih.gov/articles/PMC6350413/
IL33_ST2_response	IL1RAP	IL-33/ST2 response competence	Reactome/KEGG IL-33-ST2 receptor-side signaling	IL-33-ST2 signaling literature	https://pmc.ncbi.nlm.nih.gov/articles/PMC6350413/
IL33_ST2_response	MYD88	IL-33/ST2 response competence	Reactome/KEGG IL-33-ST2 receptor-side signaling	IL-33-ST2 signaling literature	https://pmc.ncbi.nlm.nih.gov/articles/PMC6350413/
IL33_ST2_response	IRAK1	IL-33/ST2 response competence	Reactome/KEGG IL-33-ST2 receptor-side signaling	IL-33-ST2 signaling literature	https://pmc.ncbi.nlm.nih.gov/articles/PMC6350413/
IL33_ST2_response	IRAK4	IL-33/ST2 response competence	Reactome/KEGG IL-33-ST2 receptor-side signaling	IL-33-ST2 signaling literature	https://pmc.ncbi.nlm.nih.gov/articles/PMC6350413/
IL33_ST2_response	TRAF6	IL-33/ST2 response competence	Reactome/KEGG IL-33-ST2 receptor-side signaling	IL-33-ST2 signaling literature	https://pmc.ncbi.nlm.nih.gov/articles/PMC6350413/
IL33_ST2_response	MAP3K7	IL-33/ST2 response competence	Reactome/KEGG IL-33-ST2 receptor-side signaling	IL-33-ST2 signaling literature	https://pmc.ncbi.nlm.nih.gov/articles/PMC6350413/
IL33_ST2_response	CHUK	IL-33/ST2 response competence	Reactome/KEGG IL-33-ST2 receptor-side signaling	IL-33-ST2 signaling literature	https://pmc.ncbi.nlm.nih.gov/articles/PMC6350413/
IL33_ST2_response	IKBKB	IL-33/ST2 response competence	Reactome/KEGG IL-33-ST2 receptor-side signaling	IL-33-ST2 signaling literature	https://pmc.ncbi.nlm.nih.gov/articles/PMC6350413/
IL33_ST2_response	NFKB1	IL-33/ST2 response competence	Reactome/KEGG IL-33-ST2 receptor-side signaling	IL-33-ST2 signaling literature	https://pmc.ncbi.nlm.nih.gov/articles/PMC6350413/
IL33_ST2_response	RELA	IL-33/ST2 response competence	Reactome/KEGG IL-33-ST2 receptor-side signaling	IL-33-ST2 signaling literature	https://pmc.ncbi.nlm.nih.gov/articles/PMC6350413/
IL33_ST2_response	NFKBIA	IL-33/ST2 response competence	Reactome/KEGG IL-33-ST2 receptor-side signaling	IL-33-ST2 signaling literature	https://pmc.ncbi.nlm.nih.gov/articles/PMC6350413/
IL33_ST2_response	MAPK14	IL-33/ST2 response competence	Reactome/KEGG IL-33-ST2 receptor-side signaling	IL-33-ST2 signaling literature	https://pmc.ncbi.nlm.nih.gov/articles/PMC6350413/
IL33_ST2_response	MAPK8	IL-33/ST2 response competence	Reactome/KEGG IL-33-ST2 receptor-side signaling	IL-33-ST2 signaling literature	https://pmc.ncbi.nlm.nih.gov/articles/PMC6350413/
IL33_ST2_response	JUN	IL-33/ST2 response competence	Reactome/KEGG IL-33-ST2 receptor-side signaling	IL-33-ST2 signaling literature	https://pmc.ncbi.nlm.nih.gov/articles/PMC6350413/
MRGPRX2_IgE_independent	MRGPRX2	IgE-independent GPCR/Ca²+	MRGPRX2-mediated IgE-independent mast-cell activation literature	MRGPRX2 signaling literature	https://pmc.ncbi.nlm.nih.gov/articles/PMC5014572/
MRGPRX2_IgE_independent	GNAI1	IgE-independent GPCR/Ca²+	MRGPRX2-mediated IgE-independent mast-cell activation literature	MRGPRX2 signaling literature	https://pmc.ncbi.nlm.nih.gov/articles/PMC5014572/
MRGPRX2_IgE_independent	GNAI2	IgE-independent GPCR/Ca²+	MRGPRX2-mediated IgE-independent mast-cell activation literature	MRGPRX2 signaling literature	https://pmc.ncbi.nlm.nih.gov/articles/PMC5014572/
MRGPRX2_IgE_independent	GNAQ	IgE-independent GPCR/Ca²+	MRGPRX2-mediated IgE-independent mast-cell activation literature	MRGPRX2 signaling literature	https://pmc.ncbi.nlm.nih.gov/articles/PMC5014572/
MRGPRX2_IgE_independent	PLCB1	IgE-independent GPCR/Ca²+	MRGPRX2-mediated IgE-independent mast-cell activation literature	MRGPRX2 signaling literature	https://pmc.ncbi.nlm.nih.gov/articles/PMC5014572/
MRGPRX2_IgE_independent	PLCB2	IgE-independent GPCR/Ca²+	MRGPRX2-mediated IgE-independent mast-cell activation literature	MRGPRX2 signaling literature	https://pmc.ncbi.nlm.nih.gov/articles/PMC5014572/
MRGPRX2_IgE_independent	PLCB3	IgE-independent GPCR/Ca²+	MRGPRX2-mediated IgE-independent mast-cell activation literature	MRGPRX2 signaling literature	https://pmc.ncbi.nlm.nih.gov/articles/PMC5014572/
MRGPRX2_IgE_independent	PIK3CA	IgE-independent GPCR/Ca²+	MRGPRX2-mediated IgE-independent mast-cell activation literature	MRGPRX2 signaling literature	https://pmc.ncbi.nlm.nih.gov/articles/PMC5014572/
MRGPRX2_IgE_independent	PIK3CD	IgE-independent GPCR/Ca²+	MRGPRX2-mediated IgE-independent mast-cell activation literature	MRGPRX2 signaling literature	https://pmc.ncbi.nlm.nih.gov/articles/PMC5014572/
MRGPRX2_IgE_independent	AKT1	IgE-independent GPCR/Ca²+	MRGPRX2-mediated IgE-independent mast-cell activation literature	MRGPRX2 signaling literature	https://pmc.ncbi.nlm.nih.gov/articles/PMC5014572/
MRGPRX2_IgE_independent	MAPK1	IgE-independent GPCR/Ca²+	MRGPRX2-mediated IgE-independent mast-cell activation literature	MRGPRX2 signaling literature	https://pmc.ncbi.nlm.nih.gov/articles/PMC5014572/
MRGPRX2_IgE_independent	MAPK3	IgE-independent GPCR/Ca²+	MRGPRX2-mediated IgE-independent mast-cell activation literature	MRGPRX2 signaling literature	https://pmc.ncbi.nlm.nih.gov/articles/PMC5014572/
MRGPRX2_IgE_independent	STIM1	IgE-independent GPCR/Ca²+	MRGPRX2-mediated IgE-independent mast-cell activation literature	MRGPRX2 signaling literature	https://pmc.ncbi.nlm.nih.gov/articles/PMC5014572/
MRGPRX2_IgE_independent	ORAI1	IgE-independent GPCR/Ca²+	MRGPRX2-mediated IgE-independent mast-cell activation literature	MRGPRX2 signaling literature	https://pmc.ncbi.nlm.nih.gov/articles/PMC5014572/
Proinflammatory_chemokine_output	TNF	Inflammatory mediator output	Mast-cell inflammatory cytokine/chemokine output literature	KEGG hsa04664; mast-cell mediator literature	https://www.kegg.jp/entry/hsa04664
Proinflammatory_chemokine_output	IL6	Inflammatory mediator output	Mast-cell inflammatory cytokine/chemokine output literature	KEGG hsa04664; mast-cell mediator literature	https://www.kegg.jp/entry/hsa04664
Proinflammatory_chemokine_output	CSF2	Inflammatory mediator output	Mast-cell inflammatory cytokine/chemokine output literature	KEGG hsa04664; mast-cell mediator literature	https://www.kegg.jp/entry/hsa04664
Proinflammatory_chemokine_output	CCL1	Inflammatory mediator output	Mast-cell inflammatory cytokine/chemokine output literature	KEGG hsa04664; mast-cell mediator literature	https://www.kegg.jp/entry/hsa04664
Proinflammatory_chemokine_output	CCL2	Inflammatory mediator output	Mast-cell inflammatory cytokine/chemokine output literature	KEGG hsa04664; mast-cell mediator literature	https://www.kegg.jp/entry/hsa04664
Proinflammatory_chemokine_output	CCL3	Inflammatory mediator output	Mast-cell inflammatory cytokine/chemokine output literature	KEGG hsa04664; mast-cell mediator literature	https://www.kegg.jp/entry/hsa04664
Proinflammatory_chemokine_output	CCL4	Inflammatory mediator output	Mast-cell inflammatory cytokine/chemokine output literature	KEGG hsa04664; mast-cell mediator literature	https://www.kegg.jp/entry/hsa04664
Proinflammatory_chemokine_output	CXCL8	Inflammatory mediator output	Mast-cell inflammatory cytokine/chemokine output literature	KEGG hsa04664; mast-cell mediator literature	https://www.kegg.jp/entry/hsa04664
Proinflammatory_chemokine_output	CXCL16	Inflammatory mediator output	Mast-cell inflammatory cytokine/chemokine output literature	KEGG hsa04664; mast-cell mediator literature	https://www.kegg.jp/entry/hsa04664
Proinflammatory_chemokine_output	IL1B	Inflammatory mediator output	Mast-cell inflammatory cytokine/chemokine output literature	KEGG hsa04664; mast-cell mediator literature	https://www.kegg.jp/entry/hsa04664
Proinflammatory_chemokine_output	PTGS2	Inflammatory mediator output	Mast-cell inflammatory cytokine/chemokine output literature	KEGG hsa04664; mast-cell mediator literature	https://www.kegg.jp/entry/hsa04664
Th2_myeloid_immunoregulatory_output	IL4	Th2 / myeloid-regulatory composite	Tumor-associated mast-cell Th2/myeloid-regulatory mediator literature	tumor-associated mast-cell literature	https://pmc.ncbi.nlm.nih.gov/articles/PMC2731828/
Th2_myeloid_immunoregulatory_output	IL5	Th2 / myeloid-regulatory composite	Tumor-associated mast-cell Th2/myeloid-regulatory mediator literature	tumor-associated mast-cell literature	https://pmc.ncbi.nlm.nih.gov/articles/PMC2731828/
Th2_myeloid_immunoregulatory_output	IL13	Th2 / myeloid-regulatory composite	Tumor-associated mast-cell Th2/myeloid-regulatory mediator literature	tumor-associated mast-cell literature	https://pmc.ncbi.nlm.nih.gov/articles/PMC2731828/
Th2_myeloid_immunoregulatory_output	IL10	Th2 / myeloid-regulatory composite	Tumor-associated mast-cell Th2/myeloid-regulatory mediator literature	tumor-associated mast-cell literature	https://pmc.ncbi.nlm.nih.gov/articles/PMC2731828/
Th2_myeloid_immunoregulatory_output	TGFB1	Th2 / myeloid-regulatory composite	Tumor-associated mast-cell Th2/myeloid-regulatory mediator literature	tumor-associated mast-cell literature	https://pmc.ncbi.nlm.nih.gov/articles/PMC2731828/
Th2_myeloid_immunoregulatory_output	CCL2	Th2 / myeloid-regulatory composite	Tumor-associated mast-cell Th2/myeloid-regulatory mediator literature	tumor-associated mast-cell literature	https://pmc.ncbi.nlm.nih.gov/articles/PMC2731828/
Th2_myeloid_immunoregulatory_output	CSF1	Th2 / myeloid-regulatory composite	Tumor-associated mast-cell Th2/myeloid-regulatory mediator literature	tumor-associated mast-cell literature	https://pmc.ncbi.nlm.nih.gov/articles/PMC2731828/
Th2_myeloid_immunoregulatory_output	CCL5	Th2 / myeloid-regulatory composite	Tumor-associated mast-cell Th2/myeloid-regulatory mediator literature	tumor-associated mast-cell literature	https://pmc.ncbi.nlm.nih.gov/articles/PMC2731828/
Th2_myeloid_immunoregulatory_output	VEGFA	Th2 / myeloid-regulatory composite	Tumor-associated mast-cell Th2/myeloid-regulatory mediator literature	tumor-associated mast-cell literature	https://pmc.ncbi.nlm.nih.gov/articles/PMC2731828/
Th2_myeloid_immunoregulatory_output	AREG	Th2 / myeloid-regulatory composite	Tumor-associated mast-cell Th2/myeloid-regulatory mediator literature	tumor-associated mast-cell literature	https://pmc.ncbi.nlm.nih.gov/articles/PMC2731828/
Antigen_presentation_MHC	CIITA	MHC processing / APC-like state	GO antigen processing/presentation and reported APC-like mast-cell state	GO antigen processing/presentation; mast-cell APC literature	https://pmc.ncbi.nlm.nih.gov/articles/PMC10917180/
Antigen_presentation_MHC	CD74	MHC processing / APC-like state	GO antigen processing/presentation and reported APC-like mast-cell state	GO antigen processing/presentation; mast-cell APC literature	https://pmc.ncbi.nlm.nih.gov/articles/PMC10917180/
Antigen_presentation_MHC	HLA-DRA	MHC processing / APC-like state	GO antigen processing/presentation and reported APC-like mast-cell state	GO antigen processing/presentation; mast-cell APC literature	https://pmc.ncbi.nlm.nih.gov/articles/PMC10917180/
Antigen_presentation_MHC	HLA-DRB1	MHC processing / APC-like state	GO antigen processing/presentation and reported APC-like mast-cell state	GO antigen processing/presentation; mast-cell APC literature	https://pmc.ncbi.nlm.nih.gov/articles/PMC10917180/
Antigen_presentation_MHC	HLA-DPA1	MHC processing / APC-like state	GO antigen processing/presentation and reported APC-like mast-cell state	GO antigen processing/presentation; mast-cell APC literature	https://pmc.ncbi.nlm.nih.gov/articles/PMC10917180/
Antigen_presentation_MHC	HLA-DPB1	MHC processing / APC-like state	GO antigen processing/presentation and reported APC-like mast-cell state	GO antigen processing/presentation; mast-cell APC literature	https://pmc.ncbi.nlm.nih.gov/articles/PMC10917180/
Antigen_presentation_MHC	HLA-DQA1	MHC processing / APC-like state	GO antigen processing/presentation and reported APC-like mast-cell state	GO antigen processing/presentation; mast-cell APC literature	https://pmc.ncbi.nlm.nih.gov/articles/PMC10917180/
Antigen_presentation_MHC	HLA-DQB1	MHC processing / APC-like state	GO antigen processing/presentation and reported APC-like mast-cell state	GO antigen processing/presentation; mast-cell APC literature	https://pmc.ncbi.nlm.nih.gov/articles/PMC10917180/
Antigen_presentation_MHC	HLA-DMA	MHC processing / APC-like state	GO antigen processing/presentation and reported APC-like mast-cell state	GO antigen processing/presentation; mast-cell APC literature	https://pmc.ncbi.nlm.nih.gov/articles/PMC10917180/
Antigen_presentation_MHC	HLA-DMB	MHC processing / APC-like state	GO antigen processing/presentation and reported APC-like mast-cell state	GO antigen processing/presentation; mast-cell APC literature	https://pmc.ncbi.nlm.nih.gov/articles/PMC10917180/
Antigen_presentation_MHC	B2M	MHC processing / APC-like state	GO antigen processing/presentation and reported APC-like mast-cell state	GO antigen processing/presentation; mast-cell APC literature	https://pmc.ncbi.nlm.nih.gov/articles/PMC10917180/
Antigen_presentation_MHC	TAP1	MHC processing / APC-like state	GO antigen processing/presentation and reported APC-like mast-cell state	GO antigen processing/presentation; mast-cell APC literature	https://pmc.ncbi.nlm.nih.gov/articles/PMC10917180/
Antigen_presentation_MHC	TAP2	MHC processing / APC-like state	GO antigen processing/presentation and reported APC-like mast-cell state	GO antigen processing/presentation; mast-cell APC literature	https://pmc.ncbi.nlm.nih.gov/articles/PMC10917180/
Antigen_presentation_MHC	PSMB8	MHC processing / APC-like state	GO antigen processing/presentation and reported APC-like mast-cell state	GO antigen processing/presentation; mast-cell APC literature	https://pmc.ncbi.nlm.nih.gov/articles/PMC10917180/
Antigen_presentation_MHC	PSMB9	MHC processing / APC-like state	GO antigen processing/presentation and reported APC-like mast-cell state	GO antigen processing/presentation; mast-cell APC literature	https://pmc.ncbi.nlm.nih.gov/articles/PMC10917180/
Antigen_presentation_MHC	CXCL16	MHC processing / APC-like state	GO antigen processing/presentation and reported APC-like mast-cell state	GO antigen processing/presentation; mast-cell APC literature	https://pmc.ncbi.nlm.nih.gov/articles/PMC10917180/
PDL1_Tcell_suppressive_output	CD274	NF-κB/TGFβ–CCL2 composite	Reported tumor-associated mast-cell immunoregulatory output; exploratory	tumor-associated mast-cell immunoregulation literature	https://pmc.ncbi.nlm.nih.gov/articles/PMC2731828/
PDL1_Tcell_suppressive_output	TNF	NF-κB/TGFβ–CCL2 composite	Reported tumor-associated mast-cell immunoregulatory output; exploratory	tumor-associated mast-cell immunoregulation literature	https://pmc.ncbi.nlm.nih.gov/articles/PMC2731828/
PDL1_Tcell_suppressive_output	NFKB1	NF-κB/TGFβ–CCL2 composite	Reported tumor-associated mast-cell immunoregulatory output; exploratory	tumor-associated mast-cell immunoregulation literature	https://pmc.ncbi.nlm.nih.gov/articles/PMC2731828/
PDL1_Tcell_suppressive_output	RELA	NF-κB/TGFβ–CCL2 composite	Reported tumor-associated mast-cell immunoregulatory output; exploratory	tumor-associated mast-cell immunoregulation literature	https://pmc.ncbi.nlm.nih.gov/articles/PMC2731828/
PDL1_Tcell_suppressive_output	TGFB1	NF-κB/TGFβ–CCL2 composite	Reported tumor-associated mast-cell immunoregulatory output; exploratory	tumor-associated mast-cell immunoregulation literature	https://pmc.ncbi.nlm.nih.gov/articles/PMC2731828/
PDL1_Tcell_suppressive_output	IL10	NF-κB/TGFβ–CCL2 composite	Reported tumor-associated mast-cell immunoregulatory output; exploratory	tumor-associated mast-cell immunoregulation literature	https://pmc.ncbi.nlm.nih.gov/articles/PMC2731828/
PDL1_Tcell_suppressive_output	SOCS3	NF-κB/TGFβ–CCL2 composite	Reported tumor-associated mast-cell immunoregulatory output; exploratory	tumor-associated mast-cell immunoregulation literature	https://pmc.ncbi.nlm.nih.gov/articles/PMC2731828/
PDL1_Tcell_suppressive_output	CCL2	NF-κB/TGFβ–CCL2 composite	Reported tumor-associated mast-cell immunoregulatory output; exploratory	tumor-associated mast-cell immunoregulation literature	https://pmc.ncbi.nlm.nih.gov/articles/PMC2731828/
PDL1_Tcell_suppressive_output	CCL5	NF-κB/TGFβ–CCL2 composite	Reported tumor-associated mast-cell immunoregulatory output; exploratory	tumor-associated mast-cell immunoregulation literature	https://pmc.ncbi.nlm.nih.gov/articles/PMC2731828/
PDL1_Tcell_suppressive_output	LGALS9	NF-κB/TGFβ–CCL2 composite	Reported tumor-associated mast-cell immunoregulatory output; exploratory	tumor-associated mast-cell immunoregulation literature	https://pmc.ncbi.nlm.nih.gov/articles/PMC2731828/
Angiogenesis_ECM_remodeling	VEGFA	Angiogenesis / ECM mediators	Mast-cell angiogenesis and matrix-remodeling literature; exploratory	tumor-associated mast-cell angiogenesis/ECM literature	https://pmc.ncbi.nlm.nih.gov/articles/PMC2731828/
Angiogenesis_ECM_remodeling	FGF2	Angiogenesis / ECM mediators	Mast-cell angiogenesis and matrix-remodeling literature; exploratory	tumor-associated mast-cell angiogenesis/ECM literature	https://pmc.ncbi.nlm.nih.gov/articles/PMC2731828/
Angiogenesis_ECM_remodeling	MMP9	Angiogenesis / ECM mediators	Mast-cell angiogenesis and matrix-remodeling literature; exploratory	tumor-associated mast-cell angiogenesis/ECM literature	https://pmc.ncbi.nlm.nih.gov/articles/PMC2731828/
Angiogenesis_ECM_remodeling	MMP2	Angiogenesis / ECM mediators	Mast-cell angiogenesis and matrix-remodeling literature; exploratory	tumor-associated mast-cell angiogenesis/ECM literature	https://pmc.ncbi.nlm.nih.gov/articles/PMC2731828/
Angiogenesis_ECM_remodeling	TGFB1	Angiogenesis / ECM mediators	Mast-cell angiogenesis and matrix-remodeling literature; exploratory	tumor-associated mast-cell angiogenesis/ECM literature	https://pmc.ncbi.nlm.nih.gov/articles/PMC2731828/
Angiogenesis_ECM_remodeling	TIMP1	Angiogenesis / ECM mediators	Mast-cell angiogenesis and matrix-remodeling literature; exploratory	tumor-associated mast-cell angiogenesis/ECM literature	https://pmc.ncbi.nlm.nih.gov/articles/PMC2731828/
Angiogenesis_ECM_remodeling	TIMP2	Angiogenesis / ECM mediators	Mast-cell angiogenesis and matrix-remodeling literature; exploratory	tumor-associated mast-cell angiogenesis/ECM literature	https://pmc.ncbi.nlm.nih.gov/articles/PMC2731828/
Angiogenesis_ECM_remodeling	PLAU	Angiogenesis / ECM mediators	Mast-cell angiogenesis and matrix-remodeling literature; exploratory	tumor-associated mast-cell angiogenesis/ECM literature	https://pmc.ncbi.nlm.nih.gov/articles/PMC2731828/
Angiogenesis_ECM_remodeling	PLAT	Angiogenesis / ECM mediators	Mast-cell angiogenesis and matrix-remodeling literature; exploratory	tumor-associated mast-cell angiogenesis/ECM literature	https://pmc.ncbi.nlm.nih.gov/articles/PMC2731828/
Angiogenesis_ECM_remodeling	CPA3	Angiogenesis / ECM mediators	Mast-cell angiogenesis and matrix-remodeling literature; exploratory	tumor-associated mast-cell angiogenesis/ECM literature	https://pmc.ncbi.nlm.nih.gov/articles/PMC2731828/
Angiogenesis_ECM_remodeling	CMA1	Angiogenesis / ECM mediators	Mast-cell angiogenesis and matrix-remodeling literature; exploratory	tumor-associated mast-cell angiogenesis/ECM literature	https://pmc.ncbi.nlm.nih.gov/articles/PMC2731828/
Angiogenesis_ECM_remodeling	TPSAB1	Angiogenesis / ECM mediators	Mast-cell angiogenesis and matrix-remodeling literature; exploratory	tumor-associated mast-cell angiogenesis/ECM literature	https://pmc.ncbi.nlm.nih.gov/articles/PMC2731828/
Angiogenesis_ECM_remodeling	HPGDS	Angiogenesis / ECM mediators	Mast-cell angiogenesis and matrix-remodeling literature; exploratory	tumor-associated mast-cell angiogenesis/ECM literature	https://pmc.ncbi.nlm.nih.gov/articles/PMC2731828/
Angiogenesis_ECM_remodeling	ANGPT1	Angiogenesis / ECM mediators	Mast-cell angiogenesis and matrix-remodeling literature; exploratory	tumor-associated mast-cell angiogenesis/ECM literature	https://pmc.ncbi.nlm.nih.gov/articles/PMC2731828/
Angiogenesis_ECM_remodeling	SPP1	Angiogenesis / ECM mediators	Mast-cell angiogenesis and matrix-remodeling literature; exploratory	tumor-associated mast-cell angiogenesis/ECM literature	https://pmc.ncbi.nlm.nih.gov/articles/PMC2731828/
